<?xml version="1.0" encoding="UTF-8"?>
<project-private xmlns="http://www.netbeans.org/ns/project-private/1">
    <editor-bookmarks xmlns="http://www.netbeans.org/ns/editor-bookmarks/2" lastBookmarkId="0"/>
    <open-files xmlns="http://www.netbeans.org/ns/projectui-open-files/2">
        <group>
            <file>file:/E:/java_work/simple_course/src/simple_course/SalariedEmployee.java</file>
            <file>file:/E:/java_work/simple_course/src/simple_course/BasePlusCommissionEmployee.java</file>
            <file>file:/E:/java_work/simple_course/src/simple_course/CommissionEmployee.java</file>
            <file>file:/E:/java_work/simple_course/src/simple_course/Employee.java</file>
            <file>file:/E:/java_work/simple_course/src/simple_course/Simple_course.java</file>
            <file>file:/E:/java_work/simple_course/src/simple_course/HourlyEmployee.java</file>
        </group>
    </open-files>
</project-private>
